cluster,barcode
2,0
3,1
9,2
7,3
6,4
2,5
0,6
0,7
7,8
8,9
2,10
4,11
0,12
2,13
1,14
8,15
2,16
9,17
7,18
2,19
1,20
2,21
7,22
8,23
5,24
8,25
9,26
0,27
8,28
3,29
1,30
7,31
0,32
7,33
0,34
2,35
5,36
2,37
4,38
7,39
0,40
8,41
6,42
3,43
2,44
2,45
0,46
5,47
0,48
0,49
1,50
1,51
6,52
4,53
1,54
1,55
3,56
2,57
8,58
7,59
1,60
4,61
7,62
0,63
6,64
3,65
5,66
0,67
1,68
2,69
9,70
1,71
0,72
6,73
1,74
4,75
0,76
2,77
9,78
9,79
0,80
4,81
0,82
0,83
1,84
5,85
2,86
5,87
0,88
5,89
1,90
1,91
8,92
3,93
6,94
7,95
2,96
0,97
0,98
9,99
7,100
4,101
5,102
7,103
0,104
0,105
2,106
0,107
3,108
9,109
6,110
1,111
5,112
2,113
4,114
4,115
3,116
6,117
7,118
0,119
3,120
5,121
6,122
6,123
0,124
0,125
6,126
3,127
1,128
3,129
1,130
9,131
4,132
0,133
0,134
5,135
4,136
2,137
0,138
1,139
9,140
4,141
3,142
4,143
6,144
2,145
5,146
1,147
1,148
2,149
0,150
5,151
5,152
2,153
5,154
6,155
3,156
7,157
2,158
9,159
6,160
7,161
6,162
4,163
0,164
7,165
0,166
5,167
2,168
3,169
3,170
1,171
7,172
1,173
0,174
0,175
3,176
1,177
1,178
0,179
3,180
0,181
6,182
0,183
8,184
2,185
7,186
0,187
1,188
0,189
1,190
1,191
9,192
5,193
3,194
3,195
4,196
4,197
4,198
7,199
1,200
0,201
0,202
7,203
6,204
1,205
9,206
5,207
1,208
1,209
6,210
2,211
2,212
0,213
0,214
1,215
0,216
0,217
3,218
8,219
6,220
7,221
0,222
5,223
8,224
1,225
7,226
0,227
5,228
0,229
0,230
0,231
0,232
1,233
1,234
2,235
6,236
0,237
4,238
0,239
5,240
7,241
3,242
3,243
0,244
0,245
0,246
4,247
5,248
2,249
0,250
8,251
1,252
4,253
5,254
0,255
8,256
0,257
4,258
0,259
1,260
0,261
2,262
0,263
4,264
5,265
6,266
6,267
3,268
6,269
6,270
2,271
2,272
4,273
7,274
0,275
0,276
8,277
0,278
3,279
1,280
7,281
2,282
3,283
0,284
6,285
7,286
2,287
8,288
4,289
1,290
1,291
0,292
7,293
0,294
6,295
5,296
7,297
2,298
0,299
2,300
8,301
3,302
4,303
6,304
3,305
4,306
0,307
2,308
3,309
3,310
8,311
6,312
1,313
0,314
0,315
1,316
9,317
0,318
2,319
1,320
2,321
1,322
3,323
5,324
2,325
1,326
9,327
7,328
2,329
1,330
4,331
5,332
5,333
2,334
2,335
7,336
5,337
1,338
1,339
9,340
1,341
0,342
3,343
1,344
0,345
0,346
5,347
5,348
4,349
5,350
2,351
0,352
3,353
8,354
2,355
0,356
6,357
2,358
7,359
5,360
2,362
4,363
3,364
1,365
2,367
1,368
5,369
9,370
0,371
1,372
2,373
1,374
0,375
0,376
6,377
9,378
6,379
8,380
4,381
5,382
0,383
3,384
5,385
3,386
8,387
1,388
6,389
1,390
2,391
2,392
9,393
9,394
2,395
3,396
1,397
2,398
3,399
2,400
1,401
0,402
1,403
4,404
0,405
0,406
3,407
0,408
3,409
3,410
7,411
0,412
4,413
2,414
7,415
0,416
1,417
6,418
5,419
6,420
5,421
5,422
7,423
8,424
1,425
8,426
0,427
0,428
3,429
3,430
1,431
0,432
3,433
7,434
6,435
7,436
0,437
9,438
0,439
1,440
1,441
7,442
4,444
4,445
7,446
0,447
2,448
0,449
0,450
0,451
0,452
5,453
5,454
2,455
7,456
4,457
2,458
6,459
0,460
6,461
1,462
3,463
5,464
0,465
6,466
2,467
4,468
3,469
8,470
5,471
0,472
9,473
3,474
7,475
1,476
0,477
3,478
2,479
0,480
2,481
3,482
0,483
9,484
0,485
4,486
7,487
4,488
6,489
3,490
1,491
8,492
1,493
5,494
7,495
0,496
6,497
0,498
7,499
0,500
7,501
5,502
0,503
3,504
8,505
3,506
2,507
7,508
2,509
7,510
5,511
9,512
3,513
7,514
0,515
0,516
5,517
4,518
0,519
0,520
0,521
5,522
0,523
2,524
6,525
0,526
7,527
4,528
0,529
0,530
8,531
6,532
1,533
2,534
4,535
7,536
5,537
0,538
5,539
8,540
6,541
5,542
7,543
0,544
0,545
3,546
6,547
8,548
3,549
8,550
2,551
7,552
3,553
0,554
1,555
2,556
3,557
5,558
0,559
4,560
1,561
4,562
1,563
9,564
0,565
5,566
4,567
0,568
2,569
0,570
3,571
3,572
5,573
1,574
1,575
5,576
9,577
6,578
3,579
5,580
1,581
9,582
3,583
1,584
3,585
7,586
8,587
0,588
3,589
4,590
1,591
9,592
7,593
4,594
8,595
2,596
4,597
0,598
3,599
7,600
1,601
2,602
7,603
0,604
7,605
0,606
3,607
7,608
1,609
0,610
7,611
0,612
1,613
4,614
0,615
0,616
0,617
2,618
3,619
4,620
2,621
0,622
5,623
7,624
4,625
3,626
5,627
3,628
2,629
1,630
0,631
0,632
2,633
2,634
4,635
0,636
0,637
3,638
0,639
0,640
0,641
0,642
6,643
5,644
4,645
0,646
3,647
2,648
9,649
3,650
4,651
0,653
2,654
2,655
3,656
0,657
0,658
6,659
7,660
5,661
1,662
8,663
6,664
1,665
0,666
5,667
6,668
3,669
0,670
0,671
2,672
1,673
2,674
7,675
8,676
1,677
0,678
0,679
1,680
0,681
1,682
3,683
0,684
4,685
8,686
1,687
0,688
5,689
0,690
4,691
8,692
6,693
8,694
0,695
0,696
0,697
0,698
0,699
5,700
0,701
4,702
6,703
0,704
2,705
2,706
0,707
0,708
0,709
7,710
3,711
5,712
5,713
0,714
2,715
0,716
8,717
3,718
4,719
7,720
8,721
0,722
5,723
8,724
2,725
6,726
0,727
5,728
5,729
1,730
2,731
0,732
0,733
8,734
6,736
6,737
7,738
3,739
6,740
1,741
6,742
3,743
1,744
6,745
6,746
2,747
0,748
9,749
2,750
0,751
0,752
0,753
2,754
0,755
8,756
1,757
5,758
0,759
6,760
6,761
2,762
4,763
4,764
1,766
3,767
3,768
0,769
0,770
4,771
9,772
2,773
0,774
1,775
4,776
3,777
0,778
3,779
0,780
5,781
0,782
0,783
8,784
0,785
7,786
6,787
4,788
8,789
3,790
0,791
6,792
9,793
1,794
0,795
4,796
5,797
0,798
0,799
5,800
1,801
0,802
5,803
1,804
0,805
0,806
3,807
2,808
2,809
0,810
3,811
3,812
5,813
5,814
0,815
3,816
1,817
4,818
0,819
5,820
0,821
1,822
0,823
8,824
0,825
0,826
4,827
7,828
6,829
1,830
9,831
0,832
0,834
5,835
7,836
8,837
4,838
2,839
2,840
1,841
9,842
3,843
8,844
2,845
6,846
6,847
5,848
4,849
0,850
2,851
0,852
4,853
0,854
3,855
1,856
1,857
5,858
4,859
0,860
3,861
6,862
6,863
7,864
0,865
1,866
4,867
0,868
3,869
8,870
4,871
0,872
4,873
0,874
3,875
6,876
8,877
1,878
6,879
1,880
0,881
1,882
3,883
9,884
0,885
4,886
1,887
3,888
1,889
3,890
4,891
3,892
0,893
3,894
8,895
0,896
2,897
0,898
0,899
6,900
2,901
3,902
3,903
1,904
0,905
2,906
0,907
6,908
2,910
0,911
1,912
1,913
2,914
5,915
8,916
7,917
3,918
0,919
4,920
5,921
3,922
3,923
0,924
9,925
3,926
4,927
1,928
9,929
7,930
1,931
6,932
2,933
0,934
3,935
2,936
1,937
1,938
3,939
3,940
1,941
4,942
4,943
8,944
7,945
1,946
7,947
9,948
5,949
9,950
0,951
2,952
6,953
3,954
4,955
2,956
0,957
9,958
1,959
0,960
6,961
2,962
3,963
1,964
8,965
1,966
5,967
2,968
1,969
0,970
1,971
3,972
5,973
1,974
2,975
8,976
0,977
0,978
0,979
6,980
2,981
3,982
6,983
1,984
9,985
3,986
3,987
8,988
1,989
8,990
7,991
0,992
7,993
1,994
7,995
1,996
9,997
4,998
6,999
3,1000
0,1001
8,1002
1,1003
2,1004
2,1005
7,1006
1,1007
5,1008
4,1009
0,1010
3,1011
3,1012
7,1013
0,1014
0,1015
3,1016
7,1017
1,1018
7,1019
5,1020
0,1021
1,1022
1,1023
0,1024
4,1025
6,1026
1,1027
0,1028
0,1029
4,1030
2,1031
1,1032
7,1033
4,1034
0,1035
2,1036
4,1037
9,1038
2,1039
1,1040
3,1041
7,1042
0,1043
0,1044
1,1045
0,1046
3,1047
9,1048
0,1049
1,1050
5,1051
2,1052
5,1053
1,1054
0,1055
6,1056
4,1057
3,1058
6,1059
2,1060
2,1061
2,1062
0,1063
4,1064
6,1065
2,1066
1,1067
8,1068
8,1069
2,1070
3,1071
0,1072
5,1073
4,1074
0,1075
0,1076
3,1077
8,1078
4,1079
1,1080
5,1081
7,1082
0,1083
4,1084
4,1085
4,1086
5,1087
2,1088
5,1089
0,1090
0,1091
1,1092
4,1093
4,1094
5,1095
1,1096
2,1097
7,1098
4,1099
6,1100
9,1101
6,1102
3,1103
3,1104
6,1105
2,1106
1,1107
3,1108
4,1109
8,1110
0,1111
7,1112
2,1113
4,1114
0,1115
1,1116
6,1117
1,1118
7,1119
0,1120
4,1122
6,1123
9,1124
0,1125
1,1126
0,1127
8,1128
7,1129
1,1130
9,1131
2,1132
4,1133
0,1134
0,1135
8,1136
0,1137
2,1138
0,1139
0,1140
5,1141
1,1142
9,1143
4,1144
2,1145
0,1146
8,1147
0,1148
4,1149
6,1150
3,1151
2,1152
2,1153
6,1154
6,1155
5,1156
6,1157
3,1158
4,1159
6,1160
2,1161
7,1162
5,1163
6,1164
6,1165
5,1166
1,1167
1,1168
4,1169
0,1170
9,1171
7,1172
5,1173
2,1174
0,1175
0,1176
2,1177
4,1178
1,1179
2,1180
6,1181
2,1182
2,1183
3,1184
8,1185
0,1186
7,1187
6,1188
4,1189
2,1190
0,1191
2,1192
0,1193
0,1194
1,1195
5,1198
9,1199
5,1200
1,1201
0,1202
6,1203
5,1204
0,1205
7,1206
3,1207
0,1208
8,1209
3,1210
1,1211
4,1212
5,1213
2,1214
2,1215
0,1216
3,1217
6,1218
0,1219
2,1220
0,1221
5,1222
1,1223
4,1224
0,1225
5,1226
0,1227
9,1228
0,1229
7,1230
1,1231
5,1232
2,1233
8,1235
3,1236
1,1237
9,1238
6,1239
5,1240
1,1241
0,1242
1,1243
2,1244
2,1245
0,1246
2,1247
1,1248
6,1249
5,1250
4,1251
2,1252
2,1253
2,1254
0,1255
2,1256
8,1257
4,1258
5,1259
0,1260
7,1261
0,1262
5,1263
0,1264
5,1265
9,1266
2,1267
5,1268
2,1269
4,1270
5,1271
2,1272
4,1273
3,1274
1,1275
4,1276
5,1277
3,1278
3,1279
0,1280
2,1281
4,1282
0,1283
0,1284
5,1285
1,1286
6,1287
3,1288
0,1289
6,1290
3,1291
2,1292
6,1293
6,1294
4,1295
0,1296
4,1297
1,1298
6,1299
3,1300
5,1301
4,1302
1,1303
7,1304
1,1305
2,1306
0,1307
9,1308
7,1309
3,1310
4,1311
1,1312
3,1313
3,1314
9,1315
2,1316
7,1317
3,1318
5,1319
4,1320
4,1321
0,1322
0,1323
9,1324
3,1325
0,1326
1,1327
1,1328
2,1329
6,1330
1,1331
7,1332
2,1333
0,1334
5,1335
2,1336
3,1337
5,1338
6,1339
0,1340
7,1341
1,1342
0,1343
5,1344
5,1345
0,1346
1,1347
5,1348
6,1349
9,1350
0,1351
7,1352
8,1353
7,1354
0,1355
3,1356
6,1357
5,1358
2,1359
6,1360
1,1361
3,1362
6,1363
6,1364
9,1365
7,1366
9,1367
6,1368
1,1369
3,1370
6,1371
6,1372
2,1373
0,1374
1,1375
2,1376
2,1377
1,1378
4,1379
3,1380
0,1381
9,1382
4,1383
5,1384
0,1385
6,1386
3,1387
0,1388
0,1389
4,1390
0,1391
5,1392
1,1393
4,1394
2,1395
3,1396
0,1397
0,1398
8,1399
3,1400
1,1401
1,1402
6,1403
0,1404
4,1405
5,1406
5,1408
7,1409
6,1410
0,1411
7,1412
3,1413
1,1414
4,1415
9,1416
5,1417
6,1418
0,1419
6,1420
1,1421
2,1422
3,1423
1,1424
5,1425
0,1426
0,1427
1,1428
6,1429
4,1430
1,1431
9,1432
8,1433
7,1434
3,1435
0,1436
3,1437
0,1438
2,1439
2,1440
6,1441
7,1442
4,1443
6,1444
2,1445
2,1446
3,1447
5,1448
2,1449
3,1450
2,1451
5,1452
6,1453
3,1454
3,1455
5,1456
1,1457
7,1458
5,1459
3,1460
0,1461
1,1462
1,1463
2,1464
9,1465
5,1466
7,1467
0,1468
3,1469
0,1470
1,1471
2,1472
3,1473
1,1474
0,1475
8,1476
0,1477
3,1478
7,1479
5,1480
5,1481
8,1482
7,1483
7,1484
6,1485
3,1486
0,1487
5,1488
9,1489
2,1490
5,1491
1,1492
7,1493
0,1494
0,1495
3,1496
2,1497
5,1498
1,1499
2,1500
2,1501
3,1502
6,1503
2,1504
1,1505
5,1506
9,1507
1,1508
8,1509
0,1510
8,1511
0,1512
6,1513
1,1514
0,1515
2,1516
9,1517
7,1518
3,1519
5,1520
0,1521
5,1522
6,1523
4,1524
5,1525
2,1526
1,1527
6,1528
1,1529
7,1530
6,1531
0,1532
3,1533
9,1534
3,1535
0,1536
4,1537
0,1538
5,1539
2,1540
0,1541
5,1542
9,1543
0,1544
4,1545
2,1546
0,1547
6,1548
2,1549
0,1550
4,1551
2,1552
6,1553
9,1554
3,1555
1,1556
5,1557
2,1558
9,1559
4,1560
7,1561
0,1562
1,1563
2,1564
1,1565
8,1566
5,1567
1,1568
2,1569
5,1570
0,1571
2,1572
2,1573
3,1574
6,1575
1,1576
6,1577
5,1578
3,1579
3,1580
5,1581
1,1582
0,1583
7,1584
1,1585
4,1586
0,1587
1,1588
5,1589
0,1590
0,1591
1,1592
4,1593
2,1594
4,1595
8,1596
2,1597
4,1598
0,1600
7,1601
0,1602
1,1603
6,1604
1,1605
4,1606
5,1607
8,1608
0,1609
2,1610
0,1611
0,1612
5,1613
3,1614
2,1615
2,1616
6,1617
4,1618
2,1619
7,1620
0,1621
6,1622
7,1623
3,1624
2,1625
7,1626
5,1627
3,1628
4,1629
2,1630
6,1631
5,1632
1,1633
3,1634
5,1635
8,1636
3,1637
5,1638
0,1639
0,1640
0,1641
3,1642
1,1643
4,1644
1,1645
3,1646
7,1647
9,1648
2,1649
9,1650
0,1651
0,1652
3,1653
7,1654
6,1655
0,1656
8,1657
4,1658
7,1659
1,1660
0,1661
0,1662
0,1663
6,1664
3,1665
4,1666
0,1667
3,1668
5,1669
5,1670
4,1671
2,1672
9,1673
2,1675
8,1676
0,1677
0,1678
0,1679
0,1680
5,1681
0,1683
2,1684
8,1685
0,1686
8,1687
0,1688
2,1689
2,1690
0,1691
2,1692
0,1693
0,1694
5,1695
1,1696
0,1697
9,1698
1,1699
0,1700
0,1701
7,1702
0,1703
2,1704
8,1705
9,1706
2,1707
9,1708
0,1709
1,1710
7,1711
4,1712
0,1713
3,1714
7,1715
4,1716
2,1717
2,1718
0,1719
0,1720
0,1721
6,1722
9,1723
3,1724
6,1725
9,1726
0,1727
1,1728
2,1729
0,1730
2,1731
4,1732
3,1733
7,1734
0,1735
3,1736
9,1737
7,1738
5,1739
4,1740
6,1741
0,1742
2,1743
7,1744
8,1745
7,1746
0,1747
1,1748
8,1749
0,1750
8,1751
5,1752
7,1753
9,1754
4,1755
0,1756
0,1757
4,1758
4,1759
6,1760
4,1761
7,1762
5,1763
0,1764
5,1765
1,1766
7,1767
1,1768
1,1769
4,1770
2,1772
3,1773
1,1774
5,1775
4,1776
4,1777
0,1778
6,1779
7,1780
4,1781
5,1782
6,1783
1,1784
6,1785
0,1786
0,1787
9,1788
6,1789
3,1790
8,1791
1,1792
6,1793
2,1794
2,1795
0,1797
2,1798
5,1799
0,1800
6,1801
5,1802
1,1803
0,1804
5,1805
1,1806
4,1807
7,1808
0,1809
6,1810
3,1811
0,1812
1,1813
8,1814
8,1815
7,1816
7,1817
5,1818
3,1819
3,1820
0,1821
5,1822
5,1823
1,1824
7,1825
2,1826
8,1827
6,1828
9,1829
6,1830
6,1831
4,1832
1,1833
2,1834
0,1835
2,1836
6,1837
0,1838
0,1839
3,1840
5,1841
3,1842
1,1843
6,1844
2,1845
1,1846
2,1847
0,1848
0,1849
0,1850
7,1851
2,1852
5,1854
4,1855
3,1856
8,1857
3,1858
0,1859
1,1860
4,1861
3,1862
0,1863
0,1864
2,1865
6,1866
0,1867
4,1868
0,1869
0,1870
7,1871
8,1872
2,1873
6,1874
4,1875
0,1876
4,1877
3,1878
7,1879
5,1880
7,1881
1,1882
2,1883
4,1884
7,1885
6,1886
0,1887
0,1888
9,1889
8,1890
7,1891
6,1892
7,1893
3,1894
0,1895
7,1896
4,1897
0,1898
2,1899
7,1900
1,1901
2,1902
3,1903
2,1904
3,1905
5,1906
0,1907
0,1908
2,1909
0,1910
1,1911
2,1912
0,1913
4,1914
1,1915
0,1916
1,1917
0,1918
8,1919
4,1920
9,1921
4,1922
0,1923
2,1924
5,1925
5,1926
6,1927
4,1928
1,1929
1,1930
1,1931
8,1932
7,1933
0,1934
5,1935
1,1936
1,1937
0,1938
4,1939
3,1940
7,1941
8,1942
5,1943
2,1944
0,1945
1,1946
0,1947
8,1948
0,1949
6,1950
7,1951
1,1952
3,1953
0,1954
4,1955
2,1956
4,1957
4,1958
3,1959
3,1960
0,1961
7,1962
5,1963
4,1964
8,1965
0,1966
5,1967
4,1968
8,1969
1,1970
1,1971
2,1972
2,1973
0,1974
2,1975
7,1976
6,1977
4,1978
8,1979
1,1980
7,1981
6,1982
0,1983
2,1984
1,1985
0,1986
2,1987
4,1988
4,1989
1,1990
0,1991
4,1992
0,1993
2,1994
8,1995
6,1996
0,1997
0,1998
5,1999
1,2000
6,2001
0,2002
3,2003
3,2004
8,2005
4,2006
0,2007
6,2008
2,2009
2,2010
9,2011
7,2012
5,2013
9,2014
3,2015
3,2016
5,2017
2,2018
4,2019
3,2020
5,2021
1,2022
9,2023
3,2024
5,2025
0,2026
0,2027
2,2028
5,2029
0,2030
0,2031
5,2032
8,2033
3,2034
4,2035
2,2036
9,2037
1,2038
0,2039
8,2040
0,2041
3,2042
1,2043
5,2044
6,2045
3,2046
0,2047
8,2048
7,2049
1,2051
4,2052
6,2053
5,2054
1,2055
1,2056
0,2057
4,2058
1,2059
4,2060
1,2061
5,2062
2,2063
9,2064
5,2065
7,2066
7,2067
3,2068
1,2069
1,2070
0,2071
5,2072
3,2073
2,2074
3,2075
8,2076
2,2077
3,2078
2,2079
2,2080
0,2081
2,2082
7,2083
4,2084
6,2085
6,2086
0,2087
1,2088
0,2089
6,2090
0,2091
6,2092
0,2093
7,2094
8,2095
6,2096
4,2097
3,2098
3,2099
5,2100
0,2101
0,2102
8,2103
2,2104
7,2105
2,2106
9,2107
0,2108
0,2109
0,2110
0,2111
2,2112
2,2114
6,2115
8,2116
6,2117
5,2118
0,2119
3,2120
6,2121
7,2122
6,2123
2,2124
2,2125
3,2126
2,2127
5,2128
9,2129
6,2130
2,2131
0,2132
4,2133
0,2134
0,2135
1,2136
0,2137
3,2138
0,2139
5,2140
3,2141
7,2142
1,2143
6,2144
0,2145
0,2146
1,2147
1,2148
9,2149
1,2150
2,2151
0,2152
4,2153
3,2154
0,2155
3,2157
0,2158
4,2159
1,2160
0,2161
4,2162
6,2163
7,2164
0,2165
8,2166
0,2167
6,2168
3,2169
1,2170
6,2171
0,2172
2,2173
4,2174
8,2175
3,2176
5,2177
6,2178
6,2179
1,2180
0,2181
0,2182
3,2183
9,2184
6,2185
8,2186
1,2187
2,2188
0,2189
3,2190
7,2191
1,2192
1,2193
4,2194
7,2195
1,2196
6,2197
2,2198
2,2199
1,2200
4,2201
3,2202
0,2203
9,2204
4,2205
7,2206
1,2207
9,2208
0,2209
7,2210
1,2211
5,2212
0,2213
0,2214
3,2215
0,2216
0,2217
1,2218
2,2219
6,2220
2,2221
3,2222
1,2223
5,2224
3,2225
0,2226
6,2228
2,2229
0,2230
1,2231
9,2232
0,2233
1,2234
4,2235
8,2236
5,2237
3,2238
3,2239
3,2240
6,2241
3,2242
7,2243
7,2244
0,2245
0,2246
8,2247
3,2248
0,2249
3,2250
0,2251
4,2252
4,2253
1,2254
5,2255
0,2256
3,2257
6,2258
8,2259
1,2260
0,2261
8,2262
6,2263
6,2264
4,2265
2,2266
2,2267
4,2268
0,2269
0,2270
2,2271
2,2272
4,2273
3,2274
0,2275
4,2276
5,2277
0,2278
4,2279
2,2280
8,2281
5,2282
8,2283
0,2284
0,2285
6,2286
1,2287
5,2288
6,2289
5,2290
0,2291
0,2292
0,2293
6,2294
6,2295
7,2296
2,2297
0,2298
3,2299
6,2300
6,2301
7,2302
4,2303
0,2304
4,2305
0,2306
0,2307
1,2308
5,2309
0,2310
7,2311
8,2312
0,2313
0,2314
6,2315
0,2316
6,2317
2,2318
8,2319
8,2320
3,2321
3,2322
9,2323
2,2324
0,2325
7,2326
5,2327
3,2328
0,2329
9,2330
5,2331
3,2332
0,2333
1,2334
2,2335
5,2336
3,2337
6,2338
0,2339
1,2340
4,2341
0,2342
4,2343
4,2344
0,2345
0,2346
2,2347
0,2348
1,2349
4,2350
5,2351
1,2352
8,2353
2,2355
6,2356
1,2357
0,2358
5,2359
4,2360
0,2361
8,2362
8,2363
7,2364
0,2365
6,2366
6,2367
7,2368
8,2369
7,2370
4,2371
1,2372
6,2373
4,2374
1,2375
0,2376
1,2377
0,2378
6,2379
0,2380
1,2381
3,2382
5,2383
3,2384
2,2385
8,2386
4,2387
4,2388
2,2389
2,2390
0,2391
2,2392
2,2394
4,2395
7,2396
0,2397
0,2398
3,2399
3,2400
2,2401
9,2402
7,2403
5,2404
1,2405
3,2406
3,2407
4,2408
0,2409
4,2410
6,2411
6,2412
7,2413
2,2414
3,2415
3,2416
3,2417
5,2418
4,2419
2,2420
7,2421
2,2422
0,2423
5,2424
7,2425
0,2426
3,2427
5,2428
8,2429
7,2430
8,2431
0,2432
6,2433
7,2434
6,2435
1,2436
4,2437
0,2438
0,2439
2,2440
4,2441
1,2442
7,2443
0,2444
0,2445
4,2446
1,2448
1,2449
6,2450
8,2451
3,2452
3,2453
2,2454
0,2455
8,2456
0,2457
5,2458
5,2459
5,2460
3,2461
0,2462
2,2463
0,2464
1,2465
4,2466
5,2467
1,2468
9,2469
2,2470
5,2471
6,2472
1,2473
4,2474
6,2475
1,2476
3,2477
1,2478
1,2479
0,2480
3,2481
2,2482
2,2483
4,2484
0,2485
0,2486
0,2487
1,2488
0,2489
7,2490
3,2491
5,2492
7,2493
4,2494
1,2495
0,2496
0,2497
5,2498
3,2499
8,2500
0,2501
4,2502
5,2503
4,2504
0,2505
6,2506
5,2507
2,2508
4,2509
2,2510
6,2511
5,2512
3,2513
8,2514
5,2515
1,2516
2,2517
9,2518
8,2519
2,2520
4,2521
5,2522
4,2523
8,2524
2,2525
3,2526
0,2527
0,2529
6,2530
6,2531
0,2532
5,2533
9,2534
9,2535
8,2536
2,2537
4,2538
3,2539
0,2540
2,2541
3,2542
2,2543
0,2544
4,2545
2,2546
8,2547
1,2548
3,2549
3,2550
5,2551
3,2552
1,2553
4,2554
6,2555
0,2556
6,2557
4,2558
5,2559
9,2560
1,2561
6,2562
0,2563
8,2564
2,2565
6,2566
1,2567
6,2568
1,2569
2,2570
3,2571
1,2572
3,2573
6,2574
5,2575
0,2576
0,2577
1,2578
0,2579
0,2580
8,2581
1,2582
4,2583
0,2584
8,2585
2,2586
1,2587
0,2588
0,2589
0,2590
8,2591
1,2592
7,2593
7,2594
8,2595
4,2596
9,2597
0,2598
5,2599
2,2600
3,2601
0,2602
7,2603
8,2604
7,2605
5,2606
1,2607
2,2608
2,2609
8,2610
1,2611
2,2612
4,2613
0,2614
7,2615
8,2616
5,2617
7,2618
9,2619
9,2620
0,2621
0,2622
3,2623
3,2624
5,2625
3,2626
6,2627
0,2628
9,2629
5,2630
4,2631
0,2632
5,2633
8,2634
1,2635
4,2636
7,2637
3,2638
2,2639
0,2640
2,2641
3,2642
4,2643
2,2644
0,2645
9,2646
0,2647
8,2648
0,2649
0,2650
2,2651
2,2652
5,2653
1,2654
2,2655
0,2656
1,2657
0,2658
0,2659
7,2660
3,2661
1,2662
1,2663
4,2664
8,2665
3,2666
1,2667
1,2668
0,2669
5,2670
5,2671
3,2672
2,2673
5,2674
8,2675
3,2676
2,2677
0,2678
0,2679
3,2680
8,2681
5,2682
6,2683
0,2684
3,2685
2,2686
9,2687
4,2688
6,2689
0,2690
0,2691
7,2692
0,2693
5,2694
6,2695
0,2696
3,2697
0,2698
5,2699
8,2700
4,2701
0,2702
2,2703
7,2704
0,2705
0,2706
5,2707
8,2708
0,2709
0,2710
1,2711
8,2712
8,2713
3,2715
2,2716
2,2717
6,2718
4,2719
3,2720
7,2721
0,2722
7,2723
5,2724
1,2725
5,2726
2,2727
3,2728
3,2729
0,2730
0,2731
2,2732
1,2733
3,2734
1,2735
0,2736
7,2737
2,2738
5,2739
4,2740
6,2741
0,2742
1,2743
6,2744
0,2745
1,2746
0,2747
1,2748
4,2749
3,2750
1,2751
0,2752
5,2753
5,2754
3,2755
3,2756
0,2757
0,2758
0,2759
0,2760
1,2761
1,2762
7,2763
4,2764
4,2765
0,2766
2,2767
3,2768
3,2769
2,2770
0,2771
6,2772
8,2773
9,2774
9,2775
0,2776
7,2777
2,2778
3,2779
5,2780
0,2781
1,2782
4,2783
2,2784
5,2785
0,2786
5,2787
5,2788
5,2789
1,2790
4,2791
4,2792
5,2793
7,2794
0,2795
0,2796
6,2797
6,2798
0,2799
3,2800
0,2801
9,2802
0,2803
8,2804
2,2805
0,2806
3,2807
1,2808
7,2809
4,2810
7,2811
3,2812
2,2813
0,2814
3,2815
6,2816
2,2817
2,2818
1,2819
7,2820
2,2821
7,2822
4,2823
0,2824
4,2825
7,2826
8,2827
7,2828
2,2829
5,2830
4,2831
8,2832
2,2833
0,2834
0,2835
0,2836
8,2837
7,2838
0,2839
5,2840
9,2841
8,2842
5,2843
0,2844
0,2845
3,2846
3,2847
0,2848
3,2849
1,2850
4,2851
5,2852
9,2853
8,2854
0,2855
3,2856
6,2857
0,2858
4,2859
0,2860
0,2861
0,2862
1,2863
5,2864
2,2865
3,2866
7,2867
1,2868
8,2869
2,2870
4,2871
2,2872
7,2873
0,2874
4,2875
4,2876
0,2877
3,2878
7,2879
2,2880
0,2881
4,2882
0,2883
0,2884
6,2885
5,2886
2,2887
1,2888
1,2889
4,2890
7,2891
5,2892
2,2893
4,2894
0,2895
4,2896
2,2897
0,2898
7,2899
3,2900
7,2901
1,2902
5,2903
3,2904
7,2905
0,2906
0,2907
0,2908
8,2909
3,2910
0,2911
1,2912
4,2913
0,2914
2,2915
3,2916
9,2917
4,2918
0,2919
9,2920
0,2921
4,2922
8,2923
5,2924
1,2925
0,2926
6,2927
4,2928
5,2929
0,2930
1,2931
4,2932
3,2933
2,2934
8,2935
5,2936
0,2937
7,2938
4,2939
4,2940
8,2941
3,2942
0,2943
1,2944
0,2945
3,2946
8,2947
2,2948
6,2949
1,2950
3,2951
4,2952
2,2953
3,2954
2,2955
5,2956
1,2957
0,2958
3,2959
3,2960
1,2961
3,2962
9,2963
8,2964
3,2965
2,2966
2,2967
1,2968
1,2969
1,2970
6,2971
3,2972
2,2973
4,2974
1,2975
0,2976
1,2977
0,2978
0,2979
7,2980
8,2981
5,2982
8,2983
4,2984
4,2985
2,2986
6,2987
5,2988
8,2989
6,2990
2,2991
3,2992
1,2993
9,2994
0,2995
5,2996
3,2997
8,2998
4,2999
1,3000
1,3001
9,3002
2,3003
6,3004
0,3005
0,3006
4,3007
0,3008
2,3009
1,3010
5,3011
0,3012
2,3013
2,3014
3,3015
1,3016
7,3017
1,3018
4,3019
0,3020
4,3021
6,3022
0,3023
1,3024
1,3025
1,3026
5,3027
0,3028
3,3029
3,3030
4,3031
2,3032
0,3033
0,3034
4,3035
6,3036
0,3037
0,3038
0,3039
3,3040
1,3041
6,3042
7,3043
2,3044
0,3045
3,3046
6,3047
5,3048
4,3049
1,3050
0,3051
4,3052
7,3053
0,3054
2,3055
1,3056
1,3057
0,3058
2,3059
8,3060
3,3061
1,3062
6,3063
2,3064
1,3065
3,3066
0,3067
2,3068
2,3069
7,3070
7,3071
2,3072
1,3073
4,3074
4,3075
2,3076
3,3077
2,3078
2,3079
0,3080
0,3081
3,3082
7,3083
0,3084
4,3085
6,3086
3,3087
0,3088
8,3089
1,3090
2,3091
0,3092
0,3093
6,3094
4,3095
8,3096
0,3097
6,3098
2,3099
1,3100
0,3101
2,3102
0,3104
0,3105
5,3106
8,3107
5,3108
4,3109
0,3110
7,3111
2,3112
3,3113
0,3114
3,3115
6,3116
0,3117
2,3118
0,3119
9,3120
2,3121
0,3122
0,3123
0,3124
0,3125
0,3126
8,3127
7,3128
2,3129
6,3130
0,3131
1,3132
4,3133
1,3134
8,3135
2,3136
9,3137
4,3138
6,3139
4,3140
0,3141
2,3142
5,3143
0,3144
5,3145
5,3146
2,3147
6,3148
2,3149
1,3150
0,3152
2,3153
1,3154
1,3155
0,3156
0,3157
3,3158
9,3159
8,3160
4,3161
6,3162
8,3164
1,3165
0,3166
1,3167
6,3168
0,3169
1,3170
1,3171
0,3172
0,3173
3,3174
0,3175
2,3176
8,3177
6,3178
1,3179
1,3180
9,3181
0,3183
0,3184
9,3185
2,3186
0,3187
8,3188
2,3189
4,3190
4,3191
0,3192
0,3193
0,3194
4,3195
0,3196
8,3197
0,3198
0,3199
1,3200
6,3201
9,3202
7,3203
7,3205
1,3206
8,3207
3,3208
6,3209
8,3210
4,3211
0,3212
3,3213
0,3214
9,3215
8,3216
3,3217
6,3218
2,3219
0,3220
1,3221
0,3222
1,3223
4,3224
6,3225
1,3226
6,3227
0,3228
2,3229
5,3230
0,3231
8,3232
2,3233
4,3234
0,3235
9,3236
0,3237
0,3238
4,3239
8,3240
6,3241
2,3242
0,3243
8,3244
3,3245
3,3246
8,3247
3,3248
5,3249
3,3250
2,3251
0,3252
6,3253
7,3254
3,3255
2,3256
3,3257
0,3258
2,3259
0,3260
7,3261
7,3262
4,3263
7,3264
8,3265
0,3266
7,3267
3,3268
0,3269
0,3270
1,3271
2,3272
2,3273
2,3274
2,3275
1,3276
7,3277
4,3278
4,3279
0,3280
5,3281
5,3282
3,3283
6,3284
4,3285
0,3286
7,3287
4,3288
3,3289
1,3290
4,3291
2,3292
2,3293
4,3294
1,3295
3,3296
7,3297
3,3298
6,3299
2,3300
8,3301
2,3302
7,3303
4,3304
0,3305
3,3306
4,3307
9,3308
5,3309
4,3310
3,3311
1,3312
2,3313
0,3314
5,3315
2,3316
0,3317
5,3318
1,3319
4,3320
0,3321
4,3322
7,3323
0,3324
1,3325
8,3326
0,3327
1,3328
4,3329
2,3330
0,3331
3,3332
4,3333
5,3334
1,3335
2,3336
7,3337
3,3338
2,3339
6,3340
3,3341
5,3342
8,3343
0,3344
0,3345
7,3346
0,3347
3,3348
8,3349
2,3350
9,3351
5,3352
7,3353
0,3354
5,3355
1,3356
2,3357
5,3358
2,3359
0,3360
5,3361
0,3362
1,3363
6,3364
3,3365
3,3366
0,3367
8,3368
0,3369
9,3370
0,3371
7,3372
4,3373
0,3374
1,3375
3,3376
7,3377
0,3378
2,3379
2,3380
0,3381
2,3382
0,3383
0,3384
1,3385
9,3386
2,3387
0,3388
0,3389
4,3390
6,3391
1,3392
3,3393
2,3394
5,3395
6,3396
0,3397
2,3398
0,3399
2,3400
0,3401
7,3402
0,3403
5,3404
6,3405
5,3406
4,3407
4,3408
4,3409
3,3410
1,3411
1,3412
4,3413
5,3414
5,3415
1,3416
2,3417
3,3418
5,3419
0,3420
1,3421
3,3422
5,3423
5,3424
1,3425
5,3426
0,3427
5,3428
8,3429
5,3430
0,3431
1,3432
9,3433
1,3434
2,3435
0,3436
1,3437
6,3438
3,3439
4,3440
0,3441
0,3442
0,3443
7,3444
2,3445
5,3446
9,3447
0,3448
1,3449
8,3450
4,3451
8,3452
2,3453
0,3454
2,3455
7,3456
9,3457
1,3458
0,3459
5,3460
3,3461
4,3462
2,3463
1,3464
2,3465
0,3466
0,3467
4,3468
0,3469
4,3470
6,3471
9,3472
5,3473
6,3474
7,3475
4,3476
1,3477
2,3478
9,3479
2,3480
0,3481
2,3482
3,3483
8,3484
1,3485
1,3486
0,3487
0,3488
0,3489
0,3490
1,3491
3,3492
2,3493
3,3494
2,3495
3,3496
5,3497
8,3498
8,3499
2,3500
3,3501
7,3502
7,3503
2,3504
2,3505
9,3506
6,3507
7,3508
0,3509
7,3510
3,3511
9,3512
1,3513
6,3514
2,3515
4,3516
0,3517
1,3518
0,3519
6,3520
5,3521
4,3522
4,3523
3,3524
2,3525
0,3526
8,3527
0,3528
3,3529
0,3530
1,3531
8,3532
0,3533
8,3534
7,3535
4,3536
6,3537
2,3538
8,3539
3,3540
0,3541
0,3542
5,3543
2,3544
4,3545
4,3546
3,3547
5,3548
3,3549
6,3550
6,3551
0,3552
4,3553
3,3554
4,3555
4,3556
4,3557
3,3558
0,3559
0,3560
1,3561
6,3562
0,3563
0,3564
1,3565
0,3566
3,3567
3,3568
4,3569
6,3570
1,3571
2,3572
5,3573
0,3574
5,3575
0,3576
0,3577
0,3578
1,3579
1,3580
2,3581
6,3582
8,3583
3,3584
1,3585
5,3586
9,3587
5,3588
5,3589
4,3590
8,3591
3,3592
2,3593
8,3594
4,3595
5,3596
0,3597
3,3598
5,3599
4,3600
7,3601
2,3602
0,3603
7,3604
2,3605
2,3606
0,3607
6,3608
7,3609
0,3610
0,3611
3,3612
7,3613
2,3614
7,3615
6,3616
0,3617
1,3618
3,3619
0,3620
1,3621
3,3622
3,3623
9,3624
0,3625
6,3626
3,3627
2,3628
4,3629
9,3630
2,3631
3,3632
1,3633
3,3634
1,3635
4,3636
4,3637
0,3638
2,3639
1,3640
0,3641
3,3642
9,3643
9,3644
1,3645
5,3646
8,3647
4,3648
2,3649
4,3650
4,3651
3,3652
0,3653
5,3654
9,3655
0,3656
2,3657
9,3658
3,3659
8,3660
3,3661
5,3662
5,3663
0,3664
0,3665
0,3666
1,3667
4,3668
0,3669
3,3670
4,3671
2,3672
3,3673
6,3674
9,3675
5,3676
0,3677
1,3678
1,3679
5,3680
0,3681
7,3682
4,3683
0,3684
6,3685
6,3686
1,3687
1,3688
3,3689
8,3690
5,3691
2,3692
0,3693
1,3694
2,3695
0,3696
0,3697
5,3698
8,3699
1,3700
7,3701
3,3702
9,3703
1,3704
5,3705
2,3706
1,3707
0,3708
1,3709
0,3710
7,3711
7,3712
0,3713
4,3714
5,3715
0,3716
3,3717
6,3718
2,3719
0,3720
4,3721
4,3722
2,3723
0,3724
8,3725
0,3726
4,3727
2,3728
0,3729
0,3730
3,3731
0,3732
5,3733
2,3734
1,3735
0,3736
3,3737
4,3738
4,3739
1,3740
4,3741
7,3742
7,3743
9,3744
0,3745
9,3746
0,3747
5,3748
6,3749
4,3750
8,3751
3,3752
4,3753
0,3754
6,3755
3,3756
0,3757
7,3758
7,3759
1,3760
6,3761
5,3762
8,3763
3,3764
4,3765
0,3766
1,3767
5,3768
0,3769
6,3770
3,3771
0,3772
0,3773
7,3774
5,3775
1,3776
0,3777
7,3778
6,3779
2,3780
2,3781
0,3782
3,3783
9,3784
1,3785
7,3786
9,3787
8,3788
3,3789
7,3790
4,3791
4,3792
0,3793
2,3794
2,3795
0,3796
1,3797
4,3798
1,3799
3,3800
5,3801
0,3802
0,3803
7,3804
8,3805
2,3806
3,3807
3,3808
0,3809
7,3810
1,3811
4,3812
2,3813
0,3814
5,3815
0,3816
0,3817
0,3818
0,3819
0,3820
3,3821
1,3822
1,3823
3,3824
6,3825
3,3826
3,3827
4,3828
7,3829
0,3830
4,3831
3,3832
0,3833
0,3834
7,3835
0,3836
7,3837
8,3838
0,3839
6,3840
8,3841
0,3842
0,3843
4,3844
4,3845
8,3846
7,3847
8,3848
4,3849
2,3850
0,3851
0,3852
0,3853
8,3854
1,3855
0,3856
7,3857
3,3858
7,3859
6,3860
0,3861
0,3862
3,3863
0,3864
1,3865
3,3866
0,3867
2,3868
9,3869
3,3870
0,3871
2,3872
0,3873
4,3874
5,3875
8,3876
1,3877
4,3878
7,3879
0,3880
5,3881
8,3882
4,3883
4,3884
0,3885
1,3886
5,3887
8,3888
0,3889
0,3890
0,3891
4,3892
0,3893
2,3894
0,3895
2,3896
7,3897
1,3898
3,3899
1,3900
3,3901
0,3902
1,3903
1,3904
1,3905
0,3906
0,3907
0,3908
1,3909
2,3910
9,3911
0,3912
8,3913
6,3914
7,3915
7,3916
7,3917
0,3918
1,3919
5,3920
0,3921
3,3922
8,3923
3,3924
3,3925
4,3926
1,3927
8,3928
7,3929
0,3930
0,3931
8,3932
0,3933
1,3934
2,3935
0,3936
3,3937
2,3938
7,3939
0,3940
6,3941
8,3942
0,3943
9,3944
3,3945
2,3946
9,3947
0,3948
5,3949
5,3950
7,3951
5,3952
7,3953
1,3954
5,3955
0,3956
8,3957
7,3958
3,3960
7,3961
2,3962
0,3963
7,3964
0,3965
0,3966
0,3967
2,3968
1,3969
2,3970
6,3971
5,3972
2,3973
9,3974
6,3975
6,3976
6,3977
7,3978
1,3979
5,3980
7,3981
0,3982
4,3983
8,3984
5,3985
6,3986
5,3987
0,3988
1,3989
0,3990
7,3991
7,3992
0,3993
0,3994
2,3995
5,3996
4,3997
4,3998
9,3999
6,4000
5,4001
5,4002
7,4003
1,4004
4,4005
1,4006
3,4007
1,4008
1,4009
0,4010
7,4011
6,4012
3,4013
7,4014
7,4015
3,4016
7,4017
3,4018
1,4019
3,4020
9,4021
7,4022
3,4023
4,4024
0,4025
5,4026
6,4027
0,4028
5,4029
5,4030
2,4031
1,4032
7,4033
7,4034
7,4035
8,4036
8,4037
0,4038
5,4039
0,4040
0,4041
5,4042
3,4043
0,4044
0,4045
0,4046
4,4047
1,4048
0,4049
4,4050
1,4051
2,4052
8,4053
0,4054
0,4055
0,4056
8,4057
2,4058
1,4059
4,4060
3,4061
1,4062
0,4063
3,4064
1,4065
0,4066
7,4067
1,4068
7,4069
5,4070
1,4071
6,4072
0,4073
9,4074
9,4075
6,4076
2,4077
4,4078
8,4079
3,4080
0,4081
0,4082
0,4083
2,4084
1,4085
0,4086
0,4087
8,4088
7,4089
2,4090
0,4091
9,4092
1,4093
3,4094
4,4095
3,4096
0,4097
9,4098
0,4099
2,4100
8,4101
4,4102
0,4103
5,4104
8,4105
8,4106
0,4107
0,4108
6,4109
2,4111
3,4112
8,4113
1,4114
7,4115
8,4116
0,4117
7,4118
3,4119
8,4120
0,4121
0,4122
3,4123
1,4124
3,4125
8,4126
0,4127
3,4128
4,4129
7,4130
2,4131
6,4132
5,4133
6,4134
0,4135
1,4136
4,4137
2,4139
1,4140
0,4141
3,4142
4,4143
4,4144
6,4145
3,4146
5,4147
6,4148
4,4149
4,4150
4,4151
5,4152
0,4153
7,4154
1,4155
6,4156
0,4157
0,4158
0,4159
9,4160
4,4161
0,4162
9,4163
5,4164
6,4165
5,4166
1,4167
2,4168
3,4169
4,4170
4,4171
7,4172
1,4173
3,4174
6,4175
3,4176
2,4177
0,4178
7,4180
1,4181
2,4182
8,4183
1,4184
8,4185
1,4186
0,4187
1,4188
1,4189
3,4190
7,4191
3,4192
4,4193
2,4194
5,4195
8,4196
6,4197
8,4198
2,4199
3,4200
2,4201
5,4202
8,4203
4,4204
1,4205
4,4206
3,4207
0,4208
0,4209
7,4210
0,4211
0,4212
1,4213
0,4214
0,4215
7,4216
5,4217
7,4218
8,4219
3,4220
1,4221
2,4222
0,4223
4,4224
5,4225
7,4226
2,4227
2,4228
7,4229
8,4230
0,4231
2,4232
2,4233
5,4234
0,4235
2,4236
7,4237
8,4238
1,4239
6,4240
4,4241
1,4242
6,4243
8,4244
1,4245
5,4246
2,4247
3,4248
5,4249
3,4250
1,4251
0,4252
3,4253
7,4254
7,4255
3,4257
0,4258
0,4259
9,4260
4,4261
4,4262
4,4263
0,4264
9,4265
3,4266
5,4267
0,4268
5,4269
6,4270
2,4271
0,4272
3,4273
6,4274
7,4275
5,4276
6,4277
0,4278
9,4279
0,4280
0,4281
4,4282
0,4283
1,4284
3,4285
0,4287
4,4288
1,4289
5,4290
2,4291
1,4292
5,4293
0,4294
7,4295
0,4296
7,4297
0,4298
6,4299
4,4300
0,4301
6,4302
0,4303
6,4304
2,4305
4,4306
3,4307
3,4308
3,4309
3,4310
0,4311
5,4312
8,4313
5,4314
0,4315
5,4316
0,4317
8,4318
0,4319
3,4320
6,4321
8,4322
1,4323
6,4324
3,4325
4,4326
2,4327
2,4328
5,4329
0,4330
0,4331
4,4332
3,4333
3,4334
3,4335
4,4336
2,4337
8,4338
4,4339
1,4340
4,4341
6,4342
2,4343
8,4344
1,4345
6,4346
7,4347
0,4348
4,4349
4,4350
0,4351
3,4352
7,4353
5,4354
2,4355
2,4356
4,4357
9,4358
7,4359
0,4360
2,4361
5,4362
6,4363
4,4364
3,4365
3,4366
3,4367
9,4368
1,4369
1,4370
1,4371
0,4372
1,4373
3,4374
8,4375
5,4376
7,4377
1,4378
8,4379
4,4380
7,4381
0,4382
2,4383
5,4384
9,4385
5,4386
1,4387
0,4388
2,4389
0,4390
2,4391
0,4392
2,4393
8,4394
6,4395
6,4396
0,4397
3,4398
2,4399
4,4400
6,4402
7,4403
7,4404
2,4405
3,4406
8,4407
8,4408
6,4409
9,4410
1,4411
6,4412
0,4413
1,4414
3,4415
7,4416
0,4417
5,4418
2,4419
3,4420
5,4421
6,4422
9,4423
7,4424
3,4425
0,4426
6,4427
4,4428
7,4429
0,4430
9,4431
3,4432
7,4433
1,4434
0,4435
1,4436
3,4437
7,4438
0,4439
0,4440
4,4441
4,4442
6,4443
0,4444
5,4445
2,4446
4,4447
2,4448
4,4449
9,4450
0,4451
0,4452
3,4453
1,4454
1,4455
5,4456
9,4457
0,4458
8,4459
4,4460
8,4461
3,4462
8,4463
6,4464
6,4465
9,4466
2,4467
2,4468
3,4469
0,4470
0,4471
6,4472
9,4473
7,4474
3,4475
1,4476
2,4477
2,4478
5,4479
3,4480
0,4481
1,4482
2,4483
8,4484
2,4485
6,4486
1,4487
2,4488
6,4489
8,4490
3,4491
4,4492
2,4493
0,4494
4,4495
8,4496
7,4497
1,4498
4,4499
3,4500
6,4501
2,4502
3,4503
0,4504
1,4505
0,4506
2,4507
1,4508
2,4509
6,4510
2,4511
1,4512
4,4513
4,4514
8,4515
6,4516
5,4517
2,4518
2,4519
5,4520
1,4521
0,4522
0,4523
0,4524
1,4525
3,4526
9,4527
0,4528
0,4529
6,4530
3,4531
4,4532
8,4533
4,4534
8,4535
0,4536
4,4537
1,4538
0,4539
8,4540
2,4541
2,4542
6,4543
7,4544
5,4545
5,4546
6,4547
0,4548
0,4549
4,4550
2,4551
0,4552
2,4553
1,4554
0,4555
9,4556
6,4557
3,4558
0,4559
1,4561
6,4562
7,4563
4,4564
2,4565
3,4566
1,4567
7,4568
3,4569
0,4570
4,4571
8,4572
1,4573
5,4574
7,4575
8,4576
0,4577
7,4578
6,4579
5,4580
3,4581
2,4582
6,4583
3,4584
5,4585
5,4586
0,4587
5,4588
1,4589
2,4590
8,4591
5,4592
8,4593
2,4594
0,4595
8,4596
2,4597
0,4598
0,4599
2,4600
3,4601
5,4602
5,4603
1,4604
0,4605
7,4606
2,4607
6,4608
2,4609
8,4610
2,4611
2,4612
2,4613
7,4614
4,4615
2,4616
3,4617
5,4618
6,4619
4,4620
9,4621
7,4622
0,4623
6,4624
7,4625
4,4626
1,4627
2,4628
6,4629
9,4631
0,4632
8,4633
0,4634
1,4635
3,4636
3,4637
6,4638
2,4639
5,4640
1,4641
2,4642
6,4643
0,4644
5,4645
0,4646
0,4647
3,4648
0,4649
8,4650
7,4651
5,4652
6,4653
6,4654
4,4655
2,4656
7,4657
3,4658
0,4659
0,4660
9,4661
1,4662
8,4663
4,4664
0,4665
0,4666
0,4667
2,4668
4,4669
7,4670
0,4671
0,4672
1,4673
2,4674
3,4675
8,4676
1,4677
7,4678
2,4679
1,4680
2,4681
3,4682
2,4683
6,4684
5,4685
5,4686
7,4687
8,4688
5,4689
5,4690
2,4691
1,4692
0,4693
0,4694
0,4695
5,4696
0,4697
6,4698
5,4699
2,4700
0,4701
7,4702
0,4703
6,4704
0,4705
3,4706
5,4707
3,4708
5,4709
0,4710
8,4711
6,4712
9,4713
1,4714
2,4715
4,4716
5,4717
5,4718
0,4719
1,4720
4,4721
1,4722
7,4723
1,4724
0,4725
4,4726
2,4727
3,4728
5,4729
6,4730
0,4731
1,4732
0,4733
1,4734
7,4735
1,4736
6,4737
2,4738
3,4739
0,4740
1,4741
3,4742
7,4743
0,4744
1,4745
0,4746
4,4747
7,4748
0,4749
6,4751
0,4752
3,4753
0,4754
0,4755
2,4756
8,4757
0,4758
1,4759
6,4760
9,4761
4,4762
6,4763
1,4764
6,4765
5,4766
5,4767
3,4768
0,4769
2,4770
0,4771
5,4772
1,4773
1,4774
1,4775
5,4776
0,4777
1,4778
5,4779
0,4780
7,4781
2,4782
4,4783
5,4784
5,4785
1,4786
5,4787
1,4788
0,4789
1,4790
0,4791
0,4792
1,4793
4,4794
0,4795
0,4796
2,4797
2,4798
2,4799
6,4800
6,4801
1,4802
1,4803
2,4804
3,4805
0,4806
6,4807
0,4808
2,4810
0,4811
6,4812
1,4813
1,4814
2,4815
4,4816
4,4817
5,4818
3,4819
0,4820
5,4821
0,4822
1,4823
5,4824
0,4825
5,4826
4,4827
2,4828
7,4829
0,4830
4,4831
6,4832
6,4833
7,4834
6,4835
4,4836
1,4837
7,4838
0,4839
8,4840
3,4841
6,4842
3,4843
0,4844
2,4845
6,4846
3,4847
7,4848
5,4849
4,4850
0,4851
5,4852
4,4853
7,4854
7,4855
7,4856
3,4857
3,4858
0,4859
1,4860
4,4861
2,4862
5,4863
5,4864
3,4865
2,4866
2,4867
6,4868
3,4869
0,4870
6,4871
4,4872
2,4873
6,4874
0,4875
6,4876
3,4877
4,4878
1,4879
7,4880
0,4881
4,4882
0,4883
3,4884
3,4885
7,4886
4,4887
6,4888
7,4889
5,4890
3,4891
1,4892
3,4893
3,4894
7,4895
4,4896
4,4897
9,4898
0,4899
4,4900
4,4901
4,4902
0,4903
3,4904
7,4905
4,4906
8,4907
3,4908
5,4909
3,4910
7,4911
4,4912
0,4913
1,4914
7,4915
4,4916
6,4917
7,4918
0,4919
0,4920
2,4921
0,4922
0,4923
1,4924
2,4925
0,4926
1,4927
6,4928
8,4929
5,4930
0,4931
6,4932
5,4933
3,4934
0,4935
5,4936
0,4937
0,4938
8,4939
3,4940
5,4941
3,4942
5,4943
5,4944
8,4945
6,4946
6,4947
4,4948
0,4949
4,4950
8,4951
1,4952
3,4953
3,4954
2,4955
4,4956
1,4957
2,4958
4,4959
0,4960
2,4961
0,4962
3,4963
3,4964
7,4965
5,4966
7,4967
5,4968
0,4969
3,4970
0,4971
0,4972
8,4973
7,4974
0,4975
5,4976
0,4977
6,4978
8,4979
4,4980
1,4981
5,4982
6,4983
2,4984
0,4985
3,4986
0,4987
0,4988
2,4989
0,4990
5,4991
